Category	OR	CI_low	CI_high	pval	rarevar_case	rarevar_control	novar_case	novar_control
SNV	0.762883946447198	0.0726070949857141	4.66238937599684	1	7749	4063	5	2
