Category	RR	CI_low	CI_high	pval	rarevar_case	rarevar_control	case_total	control_total
SNV	0.990647304947084	0.953744014469945	1.02897849727983	0.627581253566767	7749	4063	7749	4025
